Latitude,Longitude,Time,Date,HDOP,Satellites,DeltaX,DeltaY
52.027444,0.7310467,203226.08,240626,2.95,5,0,0
52.027472,0.731065,203232.0,240626,1.11,7,-3.3972168,-1.2533344
52.02749,0.73106664,203234.0,240626,1.11,7,-1.6986084,-0.1143106
52.02749,0.7310467,203235.0,240626,1.11,7,0.0,1.3676447
52.02748,0.73103005,203236.0,240626,1.11,7,0.8493042,1.1390237
52.02748,0.731049968,203238.0,240626,1.18,7,0.0,-1.3635624
52.02748,0.731035,203241.0,240626,1.11,7,0.0,1.024713
52.02749,0.731049968,203243.0,240626,1.11,7,-0.8493042,-1.0247129
52.027516,0.7310516,203244.0,240626,1.11,7,-2.9725648,-0.11431053
52.02748,0.7310333,203247.0,240626,1.11,7,3.821869,1.2533342
52.02748,0.731075,203249.0,240626,1.11,7,0.0,-2.8536828
52.0275,0.7310733,203254.0,240626,1.11,7,-2.1232604,0.11431057
52.027508,0.7310367,203255.0,240626,1.18,7,-0.8493042,2.506667
52.02749,0.7310217,203256.0,240626,1.11,7,2.1232604,1.0287954
52.0275,0.7310367,203309.0,240626,1.18,7,-1.2739563,-1.0287951
52.027516,0.73103832,203320.0,240626,1.02,8,-1.6986084,-0.11022802
52.0275,0.73104168,203436.0,240626,0.92,9,1.6986084,-0.22862114
52.027508,0.7310617,203456.0,240626,0.92,9,-0.8493042,-1.3717265
52.027508,0.73108168,203458.0,240626,0.92,9,0.0,-1.3676441
52.027508,0.7311017,203500.0,240626,0.92,9,0.0,-1.3717265
52.0275,0.73112832,203502.0,240626,0.92,9,0.8493042,-1.8248866
52.0275,0.731151636,203504.0,240626,0.92,9,0.0,-1.5962654
52.0275,0.73117168,203506.0,240626,0.92,9,0.0,-1.3717269
52.0275,0.73119668,203509.0,240626,0.92,9,0.0,-1.710576
52.02749,0.7312084,203510.0,240626,0.92,9,1.2739563,-0.80425672
52.0275,0.7312216,203516.0,240626,0.92,9,-1.2739563,-0.9063195
52.0275,0.73125,203521.0,240626,0.92,9,0.0,-1.9432796
52.0275,0.73127668,203524.0,240626,0.92,9,0.0,-1.8248866
52.027508,0.7312983,203526.0,240626,0.92,9,-0.8493042,-1.4860371
52.027508,0.73132504,203528.0,240626,0.92,9,0.0,-1.8289688
52.027508,0.73135832,203530.0,240626,0.92,9,0.0,-2.2821284
52.027516,0.731385,203533.0,240626,0.92,9,-0.8493042,-1.82488616
52.027516,0.731405,203536.0,240626,0.92,9,0.0,-1.3717264
52.027508,0.731421636,203539.0,240626,0.92,9,0.8493042,-1.139023
52.027508,0.7314417,203551.0,240626,0.92,9,0.0,-1.3717265
52.027508,0.731461636,203553.0,240626,0.92,9,0.0,-1.3676441
52.027516,0.73147668,203554.0,240626,0.92,9,-0.8493042,-1.0287948
52.027524,0.7314967,203556.0,240626,0.92,9,-0.8493042,-1.3717262
52.027524,0.731515,203557.0,240626,0.92,9,0.0,-1.2533331
52.027524,0.7315333,203558.0,240626,0.92,9,0.0,-1.2533331
52.027524,0.731555,203559.0,240626,0.92,9,0.0,-1.4860366
52.027516,0.7315983,203601.0,240626,0.92,9,0.8493042,-2.9679914
52.027508,0.7316167,203602.0,240626,0.92,9,0.8493042,-1.257416
52.0275,0.731631636,203603.0,240626,0.92,9,0.8493042,-1.0247126
52.02749,0.73164168,203605.0,240626,0.92,9,1.2739563,-0.6858636
52.027464,0.73166492,203609.0,240626,0.92,9,2.5479126,-1.5962666
52.02745,0.731671636,203610.0,240626,0.92,9,1.6986084,-0.45724276
52.02745,0.731690036,203613.0,240626,0.92,9,0.0,-1.2615001
52.02743,0.73169832,203614.0,240626,1.02,8,2.1232604,-0.56747116
52.027424,0.73171336,203616.0,240626,0.92,9,0.8493042,-1.0287969
52.027416,0.731730036,203618.0,240626,0.92,9,0.8493042,-1.1431078
52.027416,0.7317566,203620.0,240626,0.92,9,0.0,-1.8208074
52.027424,0.73178664,203622.0,240626,0.92,9,-0.8493042,-2.0575938
52.027424,0.73181508,203624.0,240626,0.92,9,0.0,-1.94328308
52.027424,0.73183,203625.0,240626,0.92,9,0.0,-1.0247144
52.027424,0.731885,203628.0,240626,0.92,9,0.0,-3.7681728
52.027424,0.7319033,203629.0,240626,0.92,9,0.0,-1.253336
52.02743,0.73193496,203631.0,240626,0.92,9,-0.8493042,-2.1678214
52.02743,0.73197336,203633.0,240626,0.92,9,0.0,-2.6291468
52.027444,0.73200168,203635.0,240626,0.92,9,-1.2739563,-1.9391996
52.027444,0.732018368,203636.0,240626,0.92,9,0.0,-1.1431072
52.027444,0.7320334,203637.0,240626,0.92,9,0.0,-1.0287964
52.02745,0.7320616,203639.0,240626,0.92,9,-0.8493042,-1.9351166
52.02745,0.732080036,203640.0,240626,0.92,9,0.0,-1.2615001
52.02745,0.73213668,203643.0,240626,0.92,9,0.0,-3.8783984
52.02745,0.7321567,203644.0,240626,0.92,9,0.0,-1.3717283
52.02746,0.73217668,203645.0,240626,1.02,8,-0.8493042,-1.3676456
52.027464,0.73219997,203647.0,240626,0.92,9,-0.8493042,-1.5962666
52.02748,0.73223,203649.0,240626,0.92,9,-1.6986084,-2.057591
52.0275,0.7322517,203651.0,240626,0.92,9,-2.1232604,-1.4860374
52.027516,0.73227,203653.0,240626,0.92,9,-1.6986084,-1.2533333
52.027524,0.73229,203655.0,240626,0.92,9,-0.8493042,-1.3717262
52.027552,0.73231336,203658.0,240626,0.92,9,-3.3972168,-1.5962635
52.027564,0.7323167,203659.0,240626,0.92,9,-1.2739563,-0.2286208
52.027572,0.7323434,203702.0,240626,0.92,9,-0.8493042,-1.828966
52.027588,0.73235168,203703.0,240626,0.92,9,-1.6986084,-0.56746924
52.027596,0.7323667,203705.0,240626,0.92,9,-0.8493042,-1.028793
52.02761,0.73236835,203706.0,240626,0.92,9,-1.6986084,-0.11431028
52.027624,0.73237,203707.0,240626,0.92,9,-1.2739563,-0.11431026
52.027636,0.7323767,203709.0,240626,0.92,9,-1.6986084,-0.45724084
52.027652,0.7323817,203711.0,240626,0.92,9,-1.6986084,-0.34293056
52.027652,0.73236492,203715.0,240626,0.92,9,0.0,1.1471844
52.027644,0.73235008,203720.0,240626,0.92,9,0.8493042,1.0206268
52.027652,0.73233508,203735.0,240626,0.87,10,-0.8493042,1.0287917
52.027668,0.73234,203745.0,240626,0.88,10,-1.6986084,-0.3388479
52.027688,0.7323533,203751.0,240626,0.87,10,-2.1232604,-0.91448072
52.027696,0.73237,203754.0,240626,0.87,10,-0.8493042,-1.1431007
52.02771,0.73239832,203757.0,240626,0.87,10,-1.6986084,-1.93918816
52.027724,0.7324067,203759.0,240626,0.87,10,-1.6986084,-0.57154996
52.027744,0.7324217,203801.0,240626,0.87,10,-2.1232604,-1.0287895
52.027768,0.7324583,203806.0,240626,0.87,10,-2.5479126,-2.5066524
52.027784,0.732471636,203809.0,240626,0.87,10,-1.6986084,-0.9144788
52.027796,0.7324733,203810.0,240626,0.87,10,-1.6986084,-0.1143098
52.02781,0.73247668,203811.0,240626,0.88,10,-1.2739563,-0.22861956
52.027824,0.73248168,203813.0,240626,0.88,10,-1.6986084,-0.3429292
52.02784,0.7324966,203817.0,240626,0.87,10,-1.6986084,-1.0247048
52.027848,0.73251508,203820.0,240626,0.87,10,-0.8493042,-1.261489
52.027868,0.7325283,203824.0,240626,0.87,10,-2.1232604,-0.91039452
52.027896,0.732535,203827.0,240626,0.88,10,-3.3972168,-0.4572382
52.02793,0.732549936,203832.0,240626,0.88,10,-3.821869,-1.0247027
52.027948,0.7325583,203834.0,240626,0.88,10,-1.6986084,-0.57154716
52.02797,0.73256664,203837.0,240626,0.88,10,-2.5479126,-0.57154684
52.02799,0.7325684,203837.0,240626,0.88,10,-2.1232604,-0.11839179
52.028004,0.732575,203839.0,240626,0.88,10,-1.6986084,-0.45315464
52.02804,0.73259668,203844.0,240626,0.87,10,-4.246521,-1.4819369
52.02806,0.7326017,203845.0,240626,0.92,9,-2.1232604,-0.34700988
52.028084,0.73262,203848.0,240626,0.88,10,-2.5479126,-1.2533174
52.02811,0.7326267,203850.0,240626,0.88,10,-2.9725648,-0.457236032
52.02814,0.7326317,203853.0,240626,0.88,10,-3.3972168,-0.3429268
52.028176,0.732638336,203856.0,240626,0.88,10,-3.821869,-0.45723536
52.0282,0.732641636,203859.0,240626,0.88,10,-2.5479126,-0.224535108
52.02822,0.7326433,203902.0,240626,0.88,10,-2.5479126,-0.11430872
52.02828,0.732638336,203907.0,240626,0.88,10,-6.3697816,0.3388433
52.028304,0.73263668,203909.0,240626,0.88,10,-2.9725648,0.118390952
52.028344,0.7326317,203913.0,240626,0.88,10,-4.246521,0.338842784
52.028356,0.73263,203914.0,240626,1.06,9,-1.2739563,0.11430839
52.028376,0.7326267,203916.0,240626,1.06,9,-2.5479126,0.22861664
52.028392,0.7326267,203919.0,240626,0.88,10,-1.6986084,0.0
52.028408,0.7326283,203921.0,240626,1.04,9,-1.6986084,-0.1102258
52.028428,0.73263,203922.0,240626,1.06,9,-2.1232604,-0.118390632
52.028444,0.73263336,203924.0,240626,1.06,9,-1.6986084,-0.22861631
52.028464,0.7326317,203927.0,240626,1.06,9,-2.5479126,0.1143081
52.028484,0.732625,203929.0,240626,0.88,10,-2.1232604,0.4572322
52.028508,0.732625,203931.0,240626,0.88,10,-2.5479126,0.0
52.028524,0.7326283,203934.0,240626,0.88,10,-1.6986084,-0.22453348
52.02855,0.73262,203936.0,240626,0.88,10,-2.9725648,0.567457
52.028572,0.73262,203939.0,240626,0.88,10,-2.5479126,0.0
52.0286,0.732625,203941.0,240626,0.88,10,-2.9725648,-0.3429233
52.0286136,0.7326267,203943.0,240626,0.88,10,-1.6986084,-0.11430772
52.028636,0.73263336,203945.0,240626,0.88,10,-2.5479126,-0.45723064
52.028664,0.732645,203948.0,240626,0.88,10,-2.9725648,-0.7960708
52.028688,0.7326433,203950.0,240626,0.88,10,-2.5479126,0.11430754
52.028736,0.73263668,203955.0,240626,0.88,10,-5.5204772,0.4572296
52.02876,0.73263336,203958.0,240626,0.88,10,-2.5479126,0.2245323
52.028776,0.73263336,203959.0,240626,0.88,10,-1.6986084,0.0
52.028792,0.73263,204002.0,240626,0.88,10,-2.1232604,0.22861454
52.02881,0.7326283,204004.0,240626,0.88,10,-1.6986084,0.11838962
52.028824,0.73262332,204006.0,240626,0.88,10,-1.6986084,0.33883916
52.028844,0.7326216,204007.0,240626,0.88,10,-2.1232604,0.11838953
52.02886,0.73261668,204009.0,240626,0.88,10,-1.6986084,0.3388389
52.028924,0.73261,204014.0,240626,0.88,10,-7.2190856,0.457227736
52.02911,0.7325917,204032.0,240626,0.87,10,-20.807952,1.2532885
52.029216,0.7325983,204041.0,240626,0.87,10,-11.890259,-0.45314236
52.029232,0.7326033,204043.0,240626,0.87,10,-1.6986084,-0.34291844
52.029256,0.7326084,204045.0,240626,0.87,10,-2.5479126,-0.3470006
52.029304,0.73262332,204049.0,240626,0.92,9,-5.5204772,-1.0246712
52.02933,0.73263336,204052.0,240626,0.92,9,-2.9725648,-0.6858353
52.029348,0.73263668,204053.0,240626,0.92,9,-1.6986084,-0.22452936
52.02937,0.732645,204055.0,240626,0.92,9,-2.5479126,-0.5715289
52.029384,0.732655,204057.0,240626,0.91,9,-1.6986084,-0.6858345
52.029396,0.73266,204058.0,240626,0.91,9,-1.2739563,-0.342917152
52.02941,0.732665,204100.0,240626,0.92,9,-1.6986084,-0.34291704
52.029436,0.732678336,204103.0,240626,0.91,9,-2.5479126,-0.9144449
52.029452,0.732685,204105.0,240626,0.91,9,-2.1232604,-0.45722228
52.02947,0.732695,204107.0,240626,0.91,9,-1.6986084,-0.6817509
52.029484,0.73269668,204108.0,240626,0.91,9,-1.6986084,-0.114305496
52.0295,0.73271,204111.0,240626,0.91,9,-1.6986084,-0.91444376
52.02952,0.7327167,204112.0,240626,0.91,9,-2.1232604,-0.45722164
52.029532,0.732725,204114.0,240626,0.91,9,-1.6986084,-0.5715269
52.02955,0.732735,204116.0,240626,0.87,10,-1.6986084,-0.681749636
52.029584,0.732745,204119.0,240626,0.87,10,-3.821869,-0.6858314
52.0296,0.73275168,204121.0,240626,0.87,10,-1.6986084,-0.457220832
52.02963,0.7327616,204125.0,240626,0.87,10,-3.3972168,-0.6817485
52.029828,0.732818368,204143.0,240626,0.87,10,-22.08191,-3.886357
52.029844,0.7328233,204145.0,240626,0.87,10,-1.6986084,-0.33883144
52.029864,0.7328283,204147.0,240626,0.87,10,-2.5479126,-0.34291356
52.029916,0.732821636,204152.0,240626,0.87,10,-5.5204772,0.457217536
52.02993,0.73281496,204154.0,240626,0.87,10,-1.6986084,0.45721744
52.02994,0.73281,204155.0,240626,0.87,10,-1.2739563,0.33883068
52.029956,0.73279832,204157.0,240626,0.87,10,-1.6986084,0.80013
52.029988,0.732780036,204200.0,240626,0.87,10,-3.3972168,1.2532641
52.030008,0.732765,204202.0,240626,0.87,10,-2.1232604,1.0287374
52.03003,0.7327483,204204.0,240626,0.91,9,-2.5479126,1.143041
52.030052,0.73272332,204208.0,240626,1.04,9,-2.5479126,1.7104784
52.030096,0.73270168,204212.0,240626,0.87,10,-4.671173,1.4859512
52.030116,0.73265668,204216.0,240626,1.04,9,-2.5479126,3.0821226
52.03013,0.73264,204218.0,240626,0.87,10,-1.2739563,1.1389562
52.030136,0.73261668,204220.0,240626,0.87,10,-0.8493042,1.6002536
52.030144,0.7325917,204222.0,240626,1.04,9,-0.8493042,1.710475
52.03016,0.7325684,204224.0,240626,0.91,9,-1.6986084,1.5961706
52.030168,0.7325067,204228.0,240626,0.87,10,-0.8493042,4.225157
52.030176,0.73247508,204230.0,240626,0.87,10,-0.8493042,2.1676886
52.030176,0.732455,204231.0,240626,0.87,10,0.0,1.3716447
52.030176,0.7324383,204232.0,240626,0.87,10,0.0,1.1430372
52.030176,0.7324116,204233.0,240626,0.87,10,0.0,1.8288596
52.030184,0.732375,204235.0,240626,0.87,10,-1.2739563,2.506517
52.030176,0.73233508,204237.0,240626,0.87,10,1.2739563,2.739207
52.030176,0.73232,204238.0,240626,0.87,10,0.0,1.0287335
52.030184,0.7323034,204239.0,240626,0.87,10,-1.2739563,1.1389548
52.030184,0.73228492,204240.0,240626,0.87,10,0.0,1.261423
52.030184,0.73226832,204241.0,240626,0.87,10,0.0,1.1389548
52.030184,0.7322517,204242.0,240626,0.87,10,0.0,1.1389548
52.0302,0.73213668,204249.0,240626,0.87,10,-1.6986084,7.87878836
52.03021,0.732099936,204251.0,240626,0.87,10,-0.8493042,2.5146802
52.030216,0.7320683,204253.0,240626,0.87,10,-0.8493042,2.1676868
52.030216,0.732040036,204255.0,240626,0.87,10,0.0,1.93499716
52.030216,0.7320233,204256.0,240626,0.87,10,0.0,1.1471186
52.030216,0.73200832,204257.0,240626,0.87,10,0.0,1.0246503
52.030216,0.73197496,204259.0,240626,0.87,10,0.0,2.2860724
52.030224,0.73195668,204300.0,240626,0.87,10,-0.8493042,1.2532574
52.030224,0.731941636,204301.0,240626,0.87,10,0.0,1.0287324
52.03023,0.7319133,204303.0,240626,0.87,10,-0.8493042,1.9390788
52.03024,0.731889968,204305.0,240626,0.87,10,-0.8493042,1.6002498
52.03025,0.7318767,204306.0,240626,0.87,10,-1.2739563,0.910346064
52.03026,0.731848368,204308.0,240626,0.87,10,-0.8493042,1.93907736
52.030296,0.73178,204314.0,240626,0.87,10,-4.246521,4.6823584
52.030308,0.731771636,204315.0,240626,0.87,10,-1.2739563,0.571517
52.030324,0.73174832,204317.0,240626,0.87,10,-1.6986084,1.5961648
52.03034,0.7317333,204319.0,240626,0.87,10,-1.6986084,1.0287298
52.030352,0.7317167,204321.0,240626,0.87,10,-1.6986084,1.1389505
52.03036,0.73168664,204324.0,240626,0.87,10,-0.8493042,2.0574586
52.030372,0.73168,204325.0,240626,0.87,10,-1.2739563,0.4572129
52.030396,0.73168,204327.0,240626,0.87,10,-2.5479126,0.0
52.03042,0.73168,204329.0,240626,0.87,10,-2.5479126,0.0
52.03043,0.7316817,204330.0,240626,0.87,10,-1.2739563,-0.11838532
52.030444,0.7316883,204332.0,240626,0.87,10,-1.6986084,-0.4531299
52.030476,0.731685,204334.0,240626,0.87,10,-3.3972168,0.22860592
52.03051,0.73167,204338.0,240626,0.87,10,-3.821869,1.0246436
52.03054,0.7316567,204340.0,240626,0.87,10,-3.3972168,0.91442232
52.030552,0.73165168,204341.0,240626,0.87,10,-1.2739563,0.34290832
52.030584,0.73163508,204345.0,240626,0.87,10,-3.3972168,1.1389448
52.030596,0.7316217,204351.0,240626,0.87,10,-1.6986084,0.9144212
52.030616,0.7315983,204353.0,240626,0.86,10,-2.1232604,1.6002365
52.030616,0.7315817,204355.0,240626,0.86,10,0.0,1.1389438
52.030616,0.73156504,204357.0,240626,0.86,10,0.0,1.1389438
52.030616,0.731550036,204403.0,240626,0.87,10,0.0,1.0287235
52.03064,0.7315483,204405.0,240626,0.86,10,-2.5479126,0.11838477
52.030656,0.731555,204407.0,240626,0.86,10,-1.6986084,-0.45721004
52.03068,0.7315584,204410.0,240626,0.87,10,-2.9725648,-0.23268712
52.030696,0.7315584,204413.0,240626,0.87,10,-1.6986084,0.0
52.030712,0.73155668,204415.0,240626,0.87,10,-1.6986084,0.11838459
52.030728,0.73156,204417.0,240626,0.87,10,-1.6986084,-0.228604624
52.03074,0.73156504,204418.0,240626,0.86,10,-1.2739563,-0.34698908
52.0307552,0.7315767,204420.0,240626,0.86,10,-1.6986084,-0.796033536
52.030784,0.731595,204423.0,240626,0.86,10,-3.3972168,-1.2532416
52.030804,0.73161168,204425.0,240626,0.86,10,-2.1232604,-1.1430212
52.03081,0.731628336,204427.0,240626,0.86,10,-0.8493042,-1.1430211
52.030828,0.731645,204429.0,240626,0.86,10,-1.6986084,-1.1389384
52.03084,0.73166,204431.0,240626,0.86,10,-1.6986084,-1.0287182
52.03086,0.73167,204433.0,240626,0.86,10,-2.1232604,-0.6858119
52.030884,0.7316783,204435.0,240626,0.86,10,-2.5479126,-0.5674274
52.0309,0.7316817,204437.0,240626,0.87,10,-1.6986084,-0.23268596
52.03092,0.7316883,204439.0,240626,0.87,10,-2.1232604,-0.45312512
52.03094,0.731695,204442.0,240626,0.87,10,-2.5479126,-0.4572071
52.030956,0.731695,204444.0,240626,0.91,9,-1.6986084,0.0
52.03097,0.73168,204448.0,240626,0.86,10,-1.6986084,1.0287152
52.030984,0.7316933,204451.0,240626,0.86,10,-1.2739563,-0.91441336
52.031,0.7317167,204454.0,240626,0.86,10,-1.6986084,-1.6002228
52.031012,0.731725,204456.0,240626,0.86,10,-1.6986084,-0.5674257
52.03103,0.731735,204458.0,240626,0.86,10,-1.6986084,-0.68580932
52.03104,0.73174,204459.0,240626,0.86,10,-1.2739563,-0.34290456
52.031064,0.731749936,204501.0,240626,0.86,10,-2.5479126,-0.6817265
52.0310836,0.7317617,204504.0,240626,0.86,10,-2.5479126,-0.804192
52.031136,0.73178168,204510.0,240626,0.87,10,-5.5204772,-1.3675331
52.03115,0.7317966,204513.0,240626,0.86,10,-1.6986084,-1.0246289
52.031164,0.7318,204514.0,240626,0.86,10,-1.2739563,-0.232684616
52.031176,0.73181,204516.0,240626,0.86,10,-1.6986084,-0.6817248
52.031192,0.73182664,204519.0,240626,0.86,10,-1.6986084,-1.1430112
52.031208,0.73184,204521.0,240626,0.86,10,-1.6986084,-0.91440872
52.031216,0.73185508,204523.0,240626,0.86,10,-0.8493042,-1.0287096
52.031228,0.73185668,204524.0,240626,0.86,10,-1.2739563,-0.11021887
52.031244,0.731865,204527.0,240626,0.86,10,-1.6986084,-0.57150508
52.03125,0.73188,204545.0,240626,0.9,9,-0.8493042,-1.0287088
52.031272,0.73190664,204551.0,240626,0.86,10,-2.5479126,-1.8247326
52.031284,0.7319084,204552.0,240626,0.86,10,-1.2739563,-0.118383064
52.0313,0.73191168,204555.0,240626,0.86,10,-1.6986084,-0.22451954
52.0313,0.7319267,204602.0,240626,0.87,10,0.0,-1.0287078
52.031292,0.731941636,204605.0,240626,0.86,10,0.8493042,-1.0246258
52.031292,0.7319667,204609.0,240626,0.86,10,0.0,-1.7145132
52.031308,0.731981636,204611.0,240626,0.86,10,-1.6986084,-1.0246253
52.031316,0.73200832,204613.0,240626,0.86,10,-0.8493042,-1.828813
52.031324,0.73203668,204615.0,240626,0.86,10,-0.8493042,-1.93903152
52.031324,0.73206,204617.0,240626,0.86,10,0.0,-1.6002113
52.03133,0.732080036,204619.0,240626,0.86,10,-0.8493042,-1.3716093
52.03135,0.73210332,204621.0,240626,0.86,10,-2.1232604,-1.596128
52.03135,0.73213168,204623.0,240626,0.86,10,0.0,-1.9390302
52.031336,0.7321967,204627.0,240626,0.86,10,1.2739563,-4.453647
52.031372,0.732238336,204630.0,240626,0.86,10,-3.821869,-2.8534348
52.031364,0.73226664,204632.0,240626,0.86,10,0.8493042,-1.9390296
52.03135,0.7322817,204633.0,240626,0.86,10,1.6986084,-1.0287066
52.031336,0.732295,204634.0,240626,0.86,10,1.2739563,-0.91032384
52.031324,0.73231,204635.0,240626,0.86,10,1.6986084,-1.0287073
52.031316,0.7323267,204636.0,240626,0.86,10,0.8493042,-1.1430081
52.031308,0.732341636,204637.0,240626,0.86,10,0.8493042,-1.0246253
52.0313,0.73235832,204638.0,240626,0.86,10,0.8493042,-1.1430086
52.031292,0.7323834,204640.0,240626,0.86,10,0.8493042,-1.7145132
52.031272,0.73242332,204643.0,240626,0.86,10,2.1232604,-2.73914
52.031264,0.73244,204644.0,240626,0.86,10,0.8493042,-1.1389272
52.03125,0.7324633,204646.0,240626,0.86,10,1.6986084,-1.5961316
52.031244,0.73248664,204648.0,240626,0.86,10,0.8493042,-1.6002141
52.031228,0.7325283,204651.0,240626,0.86,10,1.6986084,-2.8534438
52.031208,0.73254,204652.0,240626,0.86,10,2.1232604,-0.8001076
52.031192,0.7325433,204655.0,240626,0.86,10,1.6986084,-0.22452006
52.031176,0.732545,204656.0,240626,0.86,10,1.6986084,-0.11838335
52.031144,0.73253832,204659.0,240626,0.86,10,3.821869,0.45720504
52.03112,0.73253336,204702.0,240626,0.86,10,2.5479126,0.342903936
52.03104,0.732495,204710.0,240626,0.86,10,8.917694,2.624853
52.03103,0.73248664,204712.0,240626,0.86,10,1.2739563,0.5715077
52.031012,0.73247668,204714.0,240626,0.86,10,1.6986084,0.685809536
52.031,0.7324733,204715.0,240626,0.86,10,1.6986084,0.22860326
52.03097,0.7324617,204718.0,240626,0.86,10,2.9725648,0.7960297
52.030956,0.73244992,204720.0,240626,0.86,10,1.6986084,0.80419432
52.030932,0.73244,204722.0,240626,0.86,10,2.5479126,0.68172856
52.03092,0.7324367,204723.0,240626,0.86,10,1.6986084,0.22452146
52.030908,0.7324284,204725.0,240626,0.86,10,1.2739563,0.5715093
52.03089,0.7324167,204726.0,240626,0.86,10,1.6986084,0.80011332
52.030876,0.732395,204729.0,240626,0.86,10,1.6986084,1.4859252
52.03085,0.7323883,204731.0,240626,0.86,10,2.9725648,0.45720804
52.030828,0.732375,204734.0,240626,0.86,10,2.5479126,0.9103343
52.03081,0.7323667,204736.0,240626,0.86,10,1.6986084,0.57151056
52.030784,0.73236492,204738.0,240626,0.86,10,2.9725648,0.1183844
52.03077,0.73236332,204739.0,240626,0.86,10,1.6986084,0.110219984
52.030656,0.73231336,204751.0,240626,0.86,10,12.739563,3.424993
52.03064,0.7323,204753.0,240626,0.86,10,1.6986084,0.9144203
52.030624,0.732295,204754.0,240626,0.86,10,1.6986084,0.34290776
52.030596,0.73228332,204757.0,240626,0.86,10,2.9725648,0.7960363
52.030584,0.732275,204759.0,240626,0.86,10,1.6986084,0.5715135
52.03056,0.73227,204802.0,240626,0.86,10,2.5479126,0.342908268
52.03054,0.7322533,204805.0,240626,0.86,10,2.1232604,1.1430279
52.030524,0.7322533,204806.0,240626,0.86,10,1.6986084,0.0
52.03051,0.73226,204807.0,240626,0.86,10,1.6986084,-0.4572115
52.030496,0.73226832,204809.0,240626,0.86,10,1.6986084,-0.57151452
52.030468,0.7322817,204811.0,240626,0.86,10,2.9725648,-0.9144239
52.030452,0.732291636,204812.0,240626,0.86,10,1.6986084,-0.68173592
52.030436,0.73230168,204813.0,240626,0.86,10,1.6986084,-0.6858184
52.03042,0.73231168,204815.0,240626,0.86,10,2.1232604,-0.6858187
52.030404,0.73231336,204816.0,240626,0.86,10,1.6986084,-0.11430315
52.03038,0.7323217,204818.0,240626,0.86,10,2.5479126,-0.57151604
52.03036,0.732331636,204820.0,240626,0.86,10,2.1232604,-0.6817373
52.03029,0.7323667,204827.0,240626,0.86,10,8.06839,-2.4003722
52.030272,0.7323817,204829.0,240626,0.86,10,1.6986084,-1.0287314
52.03026,0.732395,204831.0,240626,0.86,10,1.6986084,-0.91034584
52.03024,0.7324,204832.0,240626,0.86,10,2.1232604,-0.34291068
52.030216,0.7324116,204834.0,240626,0.86,10,2.5479126,-0.7960431
52.0302,0.732425,204836.0,240626,0.86,10,1.6986084,-0.91442936
52.030184,0.7324383,204838.0,240626,0.86,10,1.6986084,-0.9144296
52.030176,0.7324467,204839.0,240626,0.86,10,1.2739563,-0.5715186
52.030168,0.73247,204841.0,240626,0.86,10,0.8493042,-1.5961703
52.03016,0.73249336,204843.0,240626,0.86,10,0.8493042,-1.6002528
52.03015,0.7325217,204845.0,240626,0.86,10,0.8493042,-1.94316452
52.030144,0.73253832,204846.0,240626,0.86,10,0.8493042,-1.1389558
52.030136,0.7325633,204848.0,240626,0.86,10,0.8493042,-1.71047508
52.03013,0.73257832,204849.0,240626,0.86,10,0.8493042,-1.0287346
52.030116,0.732589936,204850.0,240626,0.86,10,1.2739563,-0.7960449
52.03011,0.73262,204852.0,240626,0.86,10,0.8493042,-2.05747
52.030096,0.732641636,204854.0,240626,0.86,10,1.6986084,-1.4818689
52.029996,0.7327216,204904.0,240626,0.86,10,11.040955,-5.4784364
52.029972,0.7327433,204906.0,240626,0.86,10,2.5479126,-1.4859554
52.029956,0.73275168,204907.0,240626,0.86,10,1.6986084,-0.57152148
52.02993,0.7327717,204909.0,240626,0.86,10,2.9725648,-1.3716522
52.029916,0.732780036,204911.0,240626,0.86,10,1.6986084,-0.57152192
52.029892,0.732780036,204913.0,240626,0.86,10,2.5479126,0.0
52.029872,0.7327833,204915.0,240626,0.86,10,2.1232604,-0.22452672
52.029856,0.732785,204916.0,240626,0.86,10,1.6986084,-0.11430454
52.029844,0.732785,204918.0,240626,0.86,10,1.6986084,0.0
52.029828,0.7327833,204919.0,240626,0.86,10,1.6986084,0.114304624
52.0298,0.732781636,204921.0,240626,0.86,10,2.9725648,0.11430469
52.029784,0.7327784,204923.0,240626,0.86,10,1.6986084,0.22452714
52.029764,0.7327717,204925.0,240626,0.86,10,2.5479126,0.45721916
52.02975,0.73277,204926.0,240626,0.86,10,1.2739563,0.11430481
52.029736,0.7327683,204927.0,240626,0.86,10,1.6986084,0.11838717
52.02972,0.7327616,204929.0,240626,0.86,10,1.6986084,0.457219552
52.029704,0.7327567,204930.0,240626,0.86,10,1.6986084,0.33883248
52.0296868,0.73275168,204932.0,240626,0.86,10,2.1232604,0.342914936
52.029584,0.7327117,204942.0,240626,0.86,10,11.465607,2.7392436
52.029564,0.73270832,204943.0,240626,0.86,10,2.1232604,0.228610584
52.02955,0.732705,204945.0,240626,0.86,10,1.6986084,0.22861066
52.029532,0.732700036,204946.0,240626,0.86,10,1.6986084,0.338833784
52.02952,0.732691636,204948.0,240626,0.86,10,1.6986084,0.5756094
52.029508,0.7326867,204949.0,240626,0.86,10,1.2739563,0.338834
52.02949,0.732678336,204951.0,240626,0.86,10,1.6986084,0.57152736
52.029476,0.7326667,204953.0,240626,0.86,10,1.6986084,0.80013864
52.02946,0.73266,204954.0,240626,0.86,10,1.6986084,0.4572222
52.02944,0.7326433,204956.0,240626,0.86,10,2.1232604,1.143056
52.029428,0.73263668,204957.0,240626,0.86,10,1.6986084,0.45722256
52.02941,0.732625,204959.0,240626,0.86,10,1.6986084,0.79605748
52.029384,0.73261508,205001.0,240626,0.86,10,2.9725648,0.68175216
52.02937,0.73261168,205002.0,240626,0.86,10,1.6986084,0.23269392
52.029348,0.732595,205005.0,240626,0.86,10,2.5479126,1.1389762
52.02933,0.732589936,205006.0,240626,0.86,10,1.6986084,0.347
52.02932,0.732589936,205007.0,240626,0.86,10,1.2739563,0.0
52.029304,0.7325917,205008.0,240626,0.86,10,1.6986084,-0.1183883
52.02929,0.7325983,205010.0,240626,0.86,10,1.6986084,-0.45314164
52.0292736,0.7325983,205011.0,240626,0.86,10,1.6986084,0.0
52.029264,0.7325983,205012.0,240626,0.86,10,1.2739563,0.0
52.029196,0.7325983,205018.0,240626,0.86,10,7.2190856,0.0
52.029184,0.732595,205019.0,240626,0.86,10,1.6986084,0.22453018
52.029132,0.7325917,205023.0,240626,0.86,10,5.5204772,0.22861278
52.029116,0.732588336,205024.0,240626,0.86,10,1.6986084,0.228612868
52.029076,0.73257832,205028.0,240626,0.86,10,4.671173,0.685839236
52.029044,0.7325867,205031.0,240626,0.86,10,3.3972168,-0.5715331
52.02903,0.7325867,205033.0,240626,0.86,10,1.6986084,0.0
52.02901,0.732585,205034.0,240626,0.86,10,2.1232604,0.1143067
52.028996,0.732589936,205036.0,240626,0.86,10,1.6986084,-0.33883784
52.028972,0.732595,205038.0,240626,0.86,10,2.5479126,-0.3470028
52.028952,0.73259336,205041.0,240626,0.86,10,2.1232604,0.11430686
52.02893,0.73259336,205043.0,240626,0.86,10,2.5479126,0.0
52.028916,0.7325917,205045.0,240626,0.86,10,1.6986084,0.11430695
52.02889,0.73259336,205047.0,240626,0.86,10,2.9725648,-0.11430702
52.028872,0.732589936,205049.0,240626,0.86,10,1.6986084,0.2326965
52.02885,0.7325817,205051.0,240626,0.86,10,2.5479126,0.56745316
52.028776,0.7325817,205058.0,240626,0.86,10,8.493042,0.0
52.02875,0.73257832,205100.0,240626,0.86,10,2.5479126,0.22861474
52.028736,0.73257832,205102.0,240626,0.86,10,1.6986084,0.0
52.0287,0.7325867,205105.0,240626,0.92,9,3.821869,-0.57153744
52.02868,0.7325983,205107.0,240626,0.92,9,2.5479126,-0.79607048
52.028652,0.7326084,205110.0,240626,0.92,9,2.9725648,-0.6899282
52.02863,0.7326133,205112.0,240626,0.86,10,2.5479126,-0.338840668
52.028608,0.732605,205114.0,240626,0.92,9,2.5479126,0.5715387
52.028572,0.7326017,205117.0,240626,0.86,10,3.821869,0.22453322
52.02855,0.7325983,205119.0,240626,0.86,10,2.5479126,0.2326982
52.028524,0.732595,205121.0,240626,0.86,10,2.9725648,0.22453348
52.028464,0.7325917,205125.0,240626,0.86,10,6.3697816,0.2286162
52.028444,0.732588336,205127.0,240626,0.86,10,2.5479126,0.22861631
52.02842,0.7325867,205129.0,240626,0.86,10,2.5479126,0.11430822
52.028408,0.7325867,205130.0,240626,0.86,10,1.2739563,0.0
52.028376,0.7325867,205132.0,240626,0.86,10,3.3972168,0.0
52.028364,0.732589936,205134.0,240626,0.86,10,1.6986084,-0.224534284
52.028344,0.7325917,205135.0,240626,0.86,10,2.1232604,-0.11839085
52.028328,0.73258332,205137.0,240626,0.86,10,1.6986084,0.57154224
52.028312,0.732575,205138.0,240626,0.86,10,1.6986084,0.57154244
52.028296,0.7325617,205140.0,240626,0.86,10,1.6986084,0.9103858
52.0282836,0.73255336,205141.0,240626,0.92,9,1.2739563,0.57154276
52.028264,0.73253832,205143.0,240626,0.86,10,2.5479126,1.0287776
52.02824,0.732525,205145.0,240626,0.86,10,2.5479126,0.9144694
52.02822,0.73251,205147.0,240626,0.86,10,2.1232604,1.0287784
52.028184,0.732468336,205151.0,240626,0.86,10,4.246521,2.8495556
52.028156,0.73246,205153.0,240626,0.86,10,2.9725648,0.5715444
52.02814,0.73244168,205156.0,240626,0.86,10,1.6986084,1.2573982
52.02812,0.7324284,205158.0,240626,0.86,10,2.5479126,0.9103894
52.02811,0.73241336,205200.0,240626,0.86,10,0.8493042,1.028781
52.02809,0.732405,205201.0,240626,0.86,10,2.1232604,0.57154524
52.028076,0.73239168,205203.0,240626,0.86,10,1.6986084,0.914472768
52.02804,0.73237336,205206.0,240626,0.86,10,3.821869,1.2533186
52.028028,0.73235832,205208.0,240626,0.86,10,1.6986084,1.028783
52.028004,0.73235168,205210.0,240626,0.86,10,2.5479126,0.45723712
52.02799,0.73234664,205212.0,240626,0.86,10,1.6986084,0.34292796
52.02797,0.7323434,205213.0,240626,0.86,10,2.1232604,0.224536268
52.027956,0.7323367,205215.0,240626,0.86,10,1.6986084,0.45723764
52.02794,0.732331636,205216.0,240626,0.86,10,1.6986084,0.347010832
52.02792,0.7323217,205218.0,240626,0.86,10,2.1232604,0.6817745
52.027904,0.7323167,205219.0,240626,0.86,10,1.6986084,0.342928616
52.02788,0.7323,205222.0,240626,0.86,10,2.5479126,1.143096
52.027868,0.73229,205224.0,240626,0.86,10,1.6986084,0.6817753
52.027856,0.73228492,205225.0,240626,0.86,10,1.2739563,0.34701148
52.027848,0.73227,205227.0,240626,0.86,10,0.8493042,1.0247047
52.027832,0.7322483,205229.0,240626,0.86,10,1.6986084,1.4860263
52.027824,0.73222332,205231.0,240626,0.86,10,0.8493042,1.7105636
52.027824,0.7321967,205233.0,240626,0.86,10,0.0,1.82487332
52.027824,0.73218,205234.0,240626,0.86,10,0.0,1.1430974
52.027824,0.7321633,205235.0,240626,0.86,10,0.0,1.1430974
52.027824,0.73213668,205237.0,240626,0.86,10,0.0,1.82487332
52.027824,0.7321133,205239.0,240626,0.86,10,0.0,1.6003363
52.027832,0.732085,205241.0,240626,0.86,10,-0.8493042,1.9391826
52.027832,0.73206,205243.0,240626,0.86,10,0.0,1.71056332
52.02784,0.732045,205244.0,240626,0.86,10,-0.8493042,1.0287874
52.02784,0.7320233,205246.0,240626,0.86,10,0.0,1.4860262
52.027848,0.7319983,205248.0,240626,0.86,10,-0.8493042,1.71056268
52.027848,0.73197336,205250.0,240626,0.86,10,0.0,1.71056268
52.02784,0.7319533,205252.0,240626,0.86,10,0.8493042,1.3717165
52.02784,0.73193336,205254.0,240626,0.86,10,0.0,1.3676339
52.02784,0.73191832,205255.0,240626,0.86,10,0.0,1.0287874
52.02784,0.7319033,205256.0,240626,0.86,10,0.0,1.0287874
52.027848,0.7318867,205257.0,240626,0.86,10,-0.8493042,1.1390144
52.027848,0.73187168,205258.0,240626,0.86,10,0.0,1.0287871
52.027856,0.73185508,205259.0,240626,0.86,10,-0.8493042,1.1390141
52.027856,0.73183832,205300.0,240626,0.86,10,0.0,1.1430966
52.027856,0.7318233,205301.0,240626,0.86,10,0.0,1.0287869
52.027856,0.7317966,205303.0,240626,0.86,10,0.0,1.8289546
52.027856,0.73178168,205304.0,240626,0.86,10,0.0,1.0247044
52.027856,0.7317583,205306.0,240626,0.86,10,0.0,1.6003352
52.027856,0.73174168,205308.0,240626,0.86,10,0.0,1.1390141
52.027868,0.73173168,205311.0,240626,0.86,10,-1.2739563,0.6858578
52.027856,0.731725,205312.0,240626,0.86,10,1.2739563,0.45723864
52.027856,0.7317067,205323.0,240626,0.86,10,0.0,1.2533238
52.027868,0.7316817,205325.0,240626,0.86,10,-1.2739563,1.71056184
52.027868,0.7316567,205327.0,240626,0.86,10,0.0,1.7146444
52.027868,0.7316383,205329.0,240626,0.86,10,0.0,1.2574059
52.027856,0.73165,205337.0,240626,0.86,10,1.2739563,-0.8001676
52.027856,0.731668336,205340.0,240626,0.86,10,0.0,-1.2574062
52.027848,0.731685,205342.0,240626,0.86,10,0.8493042,-1.1390144
52.027856,0.7317,205344.0,240626,0.86,10,-0.8493042,-1.0287869
52.02784,0.7317116,205347.0,240626,0.86,10,1.6986084,-0.7960854
52.027832,0.731730036,205350.0,240626,0.86,10,0.8493042,-1.2614894
52.027824,0.73174832,205354.0,240626,0.86,10,0.8493042,-1.2533246
52.02781,0.731749936,205358.0,240626,0.86,10,1.6986084,-0.11022729
52.027796,0.7317467,205359.0,240626,0.86,10,1.2739563,0.22453712
52.027784,0.7317383,205402.0,240626,0.86,10,1.6986084,0.57154924
52.02776,0.731725,205408.0,240626,0.86,10,2.5479126,0.91447928
52.027732,0.73171336,205413.0,240626,0.86,10,2.9725648,0.79608728
52.02771,0.7317333,205415.0,240626,0.86,10,2.5479126,-1.367638
52.02771,0.73176664,205416.0,240626,0.86,10,0.0,-2.2821184
52.027696,0.7318017,205417.0,240626,0.86,10,1.6986084,-2.4005116
52.027688,0.7318233,205418.0,240626,0.86,10,0.8493042,-1.4819487
52.027668,0.731825,205419.0,240626,0.86,10,2.1232604,-0.11431014
52.027652,0.73183336,205422.0,240626,0.86,10,1.6986084,-0.5715509
52.027636,0.7318417,205425.0,240626,0.85,10,1.6986084,-0.5715511
52.027624,0.7318233,205427.0,240626,0.85,10,1.6986084,1.2574128
52.02761,0.7318067,205428.0,240626,0.85,10,1.2739563,1.1390203
52.027596,0.73179336,205429.0,240626,0.85,10,1.6986084,0.9144826
52.027588,0.731768368,205431.0,240626,0.85,10,0.8493042,1.7105727
52.02758,0.73175336,205432.0,240626,0.85,10,0.8493042,1.0287933
52.027572,0.7317367,205433.0,240626,0.85,10,0.8493042,1.1390213
52.027564,0.73171,205435.0,240626,0.85,10,0.8493042,1.8289664
52.0275468,0.73169668,205436.0,240626,0.85,10,2.1232604,0.91448352
52.02753,0.731675,205438.0,240626,0.85,10,1.6986084,1.4819538
52.027524,0.73165336,205440.0,240626,0.85,10,0.8493042,1.4860366
52.027508,0.731628336,205442.0,240626,0.85,10,1.6986084,1.71057568
52.0275,0.73160664,205444.0,240626,0.85,10,0.8493042,1.4860374
52.02749,0.73158492,205446.0,240626,0.85,10,1.2739563,1.4860378
52.02748,0.73156504,205448.0,240626,0.85,10,0.8493042,1.3635624
52.02748,0.731550036,205453.0,240626,0.85,10,0.0,1.0287955
52.02748,0.73153,205500.0,240626,0.85,10,0.0,1.3717274
52.027472,0.7315117,205501.0,240626,0.85,10,0.8493042,1.2533344
52.02748,0.73148832,205503.0,240626,0.85,10,-0.8493042,1.6003486
52.02748,0.7314683,205505.0,240626,0.85,10,0.0,1.3717274
52.027472,0.7314517,205508.0,240626,0.85,10,0.8493042,1.1390238
52.027472,0.73142504,205512.0,240626,0.85,10,0.0,1.8248876
52.027472,0.7314066,205514.0,240626,0.85,10,0.0,1.2614995
52.02748,0.731385,205516.0,240626,0.85,10,-0.8493042,1.4819554
52.02748,0.73135832,205518.0,240626,0.9,9,0.0,1.82488732
52.02749,0.7313317,205520.0,240626,0.85,10,-0.8493042,1.8248872
52.02749,0.7313067,205522.0,240626,0.85,10,0.0,1.714659
52.02749,0.731281636,205524.0,240626,0.9,9,0.0,1.714659
52.02749,0.73125832,205526.0,240626,0.85,10,0.0,1.5962659
52.0275,0.7312467,205527.0,240626,0.9,9,-1.2739563,0.79609144
52.027508,0.73121832,205529.0,240626,0.85,10,-0.8493042,1.94327932
52.027508,0.7312033,205530.0,240626,0.85,10,0.0,1.0287949
52.027516,0.731175,205532.0,240626,0.85,10,-0.8493042,1.9391966
52.027516,0.73116,205533.0,240626,0.85,10,0.0,1.0287948
52.027516,0.7311366,205535.0,240626,0.85,10,0.0,1.6003475
52.027524,0.73112168,205538.0,240626,0.9,9,-0.8493042,1.0247121
52.02753,0.7311033,205548.0,240626,0.85,10,-0.8493042,1.2574154
52.02753,0.73108168,205550.0,240626,0.85,10,0.0,1.4819538
52.027524,0.7310583,205554.0,240626,0.85,10,0.8493042,1.6003472
52.027524,0.7310433,205628.0,240626,0.77,11,0.0,1.0287946
52.02753,0.7310583,205704.0,240626,0.77,11,-0.8493042,-1.0287944
52.02753,0.7310433,205753.0,240626,0.77,11,0.0,1.0287944
52.02753,0.7310283,205905.0,240626,0.77,11,0.0,1.0247118
52.027524,0.731049968,205937.0,240626,0.82,10,0.8493042,-1.4819541
52.027524,0.731065,205938.0,240626,0.82,10,0.0,-1.0287946
52.027524,0.7310867,205940.0,240626,0.82,10,0.0,-1.4860366
52.027524,0.73110492,205941.0,240626,0.82,10,0.0,-1.2533331
52.027524,0.7311433,205942.0,240626,0.82,10,0.0,-2.6250594
52.027524,0.73112664,205949.0,240626,0.82,10,0.0,1.1390226
52.02753,0.7311417,205957.0,240626,0.82,10,-0.8493042,-1.0287944
52.027516,0.7311317,210001.0,240626,0.99,9,1.6986084,0.6858632
52.0275,0.73112832,210002.0,240626,0.99,9,1.6986084,0.22862114
52.02749,0.73112832,210003.0,240626,0.99,9,1.2739563,0.0
52.02749,0.7311433,210004.0,240626,0.9,9,0.0,-1.0247129
52.02749,0.7311583,210005.0,240626,0.82,10,0.0,-1.0287954
52.02748,0.73117832,210008.0,240626,0.82,10,0.8493042,-1.3717274
52.027464,0.73119668,210010.0,240626,0.93,8,1.6986084,-1.2533348
52.02745,0.73120664,210011.0,240626,0.93,8,1.6986084,-0.68586416
52.027444,0.7311767,210013.0,240626,0.93,8,0.8493042,2.0535102
52.027424,0.73116,210015.0,240626,0.93,8,2.1232604,1.1431076
52.027444,0.731165,210022.0,240626,0.93,8,-2.1232604,-0.34293212
52.02745,0.73118,210023.0,240626,0.93,8,-0.8493042,-1.0287962
52.027464,0.731185,210025.0,240626,0.93,8,-1.6986084,-0.34293196
52.02745,0.73117336,210026.0,240626,0.93,8,1.6986084,0.800174836
52.027424,0.73115336,210028.0,240626,0.93,8,2.9725648,1.3676467
52.02741,0.731148336,210030.0,240626,0.89,9,1.6986084,0.3429324
52.02741,0.73113336,210031.0,240626,1.06,8,0.0,1.0287972
52.02741,0.7311133,210033.0,240626,1.06,8,0.0,1.3717296
52.027368,0.7310917,210036.0,240626,1.06,8,4.671173,1.4819594
52.027336,0.73107668,210037.0,240626,1.06,8,3.3972168,1.0287989
52.027344,0.7310583,210043.0,240626,0.89,9,-0.8493042,1.2574206
52.02733,0.7310433,210045.0,240626,0.89,9,1.6986084,1.028799
52.02732,0.7310283,210048.0,240626,0.89,9,0.8493042,1.0247166
52.027336,0.73103832,210053.0,240626,0.82,10,-1.6986084,-0.68586592
52.027336,0.7310217,210057.0,240626,0.82,10,0.0,1.1390274
52.027336,0.7310067,210059.0,240626,0.82,10,0.0,1.0287989
52.02735,0.73100492,210103.0,240626,0.82,10,-1.6986084,0.11839348
52.027368,0.73100492,210105.0,240626,0.82,10,-1.6986084,0.0
52.0273784,0.73101,210106.0,240626,0.82,10,-1.2739563,-0.34701516
52.0274,0.73103832,210109.0,240626,0.82,10,-2.5479126,-1.93920144
52.02741,0.73105668,210113.0,240626,0.82,10,-0.8493042,-1.2533363
52.0274,0.73107668,210124.0,240626,0.82,10,0.8493042,-1.3717298
52.027416,0.7310966,210125.0,240626,0.82,10,-1.6986084,-1.3676468
52.027424,0.7311133,210128.0,240626,0.82,10,-0.8493042,-1.1431076
52.027444,0.73111508,210130.0,240626,0.82,10,-2.1232604,-0.118393232
52.027444,0.7310917,210134.0,240626,0.99,9,0.0,1.60035
52.02745,0.73107668,210139.0,240626,0.99,9,-0.8493042,1.0287962
52.027444,0.73109336,210154.0,240626,0.99,9,0.8493042,-1.1431072
52.027636,0.731095,210238.0,240626,1.03,7,-21.657258,-0.11431021
52.02761,0.73108168,210239.0,240626,1.03,7,2.9725648,0.91448224
52.027596,0.731075,210240.0,240626,1.03,7,1.6986084,0.4572413
52.027572,0.7310467,210243.0,240626,1.03,7,2.5479126,1.939194
52.027564,0.731025,210245.0,240626,1.03,7,0.8493042,1.4860352
52.0275468,0.7310167,210246.0,240626,1.03,7,2.1232604,0.5674697
52.02753,0.7310116,210247.0,240626,1.03,7,1.6986084,0.347013984
52.027516,0.73102,210250.0,240626,1.03,7,1.6986084,-0.5715527
52.02749,0.73103005,210252.0,240626,0.95,8,2.9725648,-0.6899461
52.02749,0.7310467,210255.0,240626,0.95,8,0.0,-1.1390236
52.0275,0.73105668,210300.0,240626,0.95,8,-1.2739563,-0.6817809
52.02749,0.731055,210303.0,240626,0.95,8,1.2739563,0.11022808
52.0275,0.73106,210306.0,240626,0.95,8,-1.2739563,-0.34293172
52.02749,0.73105668,210307.0,240626,0.95,8,1.2739563,0.232703732
52.0275,0.73103832,210326.0,240626,0.95,8,-1.2739563,1.2533337
52.027516,0.73102,210331.0,240626,0.95,8,-1.6986084,1.2574159
52.02753,0.7310116,210338.0,240626,0.95,8,-1.6986084,0.57155248
52.02754,0.7310283,210341.0,240626,0.95,8,-0.8493042,-1.1431047
52.02753,0.7310433,210347.0,240626,0.95,8,0.8493042,-1.0247118
52.027508,0.731055,210349.0,240626,0.95,8,2.5479126,-0.8042563
52.02749,0.7310633,210350.0,240626,0.95,8,2.1232604,-0.5674705
52.02749,0.73108,210353.0,240626,0.95,8,0.0,-1.143106
52.0275,0.73109336,210356.0,240626,0.95,8,-1.2739563,-0.91448456
52.027516,0.73108992,210358.0,240626,0.95,8,-1.6986084,0.2327036
52.027508,0.731075,210401.0,240626,0.95,8,0.8493042,1.0247124
52.027524,0.7310867,210405.0,240626,0.95,8,-1.6986084,-0.8001736
52.027524,0.73107168,210408.0,240626,0.88,9,0.0,1.0287946
52.027508,0.7310783,210417.0,240626,0.88,9,1.6986084,-0.4572422
52.02749,0.73106664,210420.0,240626,0.88,9,2.1232604,0.80017424
52.02748,0.73104832,210422.0,240626,0.88,9,0.8493042,1.2533342
52.027464,0.73103005,210425.0,240626,0.88,9,1.6986084,1.2533348
52.027464,0.73101,210428.0,240626,0.88,9,0.0,1.3717278
52.02748,0.7310217,210437.0,240626,0.88,9,-1.6986084,-0.8001743
52.02749,0.73103832,210455.0,240626,0.88,9,-0.8493042,-1.1390236
52.0275,0.73104168,210501.0,240626,0.88,9,-1.2739563,-0.22862114
52.02749,0.7310433,210502.0,240626,0.88,9,1.2739563,-0.11022808
52.0275,0.731045,210503.0,240626,0.96,8,-1.2739563,-0.118393084
52.02749,0.73104832,210508.0,240626,1.12,7,1.2739563,-0.2286212
52.027472,0.73104832,210515.0,240626,1.12,7,1.6986084,0.0
52.027464,0.7310633,210523.0,240626,1.12,7,0.8493042,-1.0247134
52.027472,0.7310783,210529.0,240626,0.9,8,-0.8493042,-1.0287957
52.02749,0.73108832,210533.0,240626,0.9,8,-1.6986084,-0.6858636
52.0275,0.7310917,210535.0,240626,0.9,8,-1.2739563,-0.22862114
52.027516,0.731095,210536.0,240626,0.91,8,-1.6986084,-0.22862106
52.02753,0.7310983,210538.0,240626,0.9,8,-1.6986084,-0.22453846
52.02753,0.73108168,210542.0,240626,0.9,8,0.0,1.1390224
52.027516,0.73108332,210556.0,240626,0.9,8,1.6986084,-0.11431053
52.0273784,0.73102664,210627.0,240626,0.98,7,15.287476,3.8824872
52.027392,0.73100835,210635.0,240626,0.98,7,-1.6986084,1.2533368
52.0273784,0.73100332,210636.0,240626,0.98,7,1.6986084,0.34293264
52.027392,0.73100492,210638.0,240626,0.98,7,-1.6986084,-0.110228312
52.027392,0.73102664,210646.0,240626,0.89,9,0.0,-1.486041
52.0274,0.73101,210647.0,240626,0.89,9,-0.8493042,1.1390257
52.027416,0.730995,210650.0,240626,0.89,9,-1.6986084,1.028797
52.0274,0.73098664,210652.0,240626,0.89,9,1.6986084,0.5715541
52.0274,0.730971636,210656.0,240626,0.89,9,0.0,1.0287974
52.0274,0.7309567,210657.0,240626,0.89,9,0.0,1.0247148
52.027384,0.7309667,210658.0,240626,0.89,9,1.6986084,-0.6858652
52.0273784,0.73099168,210703.0,240626,0.89,9,0.8493042,-1.7105806
52.0273784,0.73101336,210705.0,240626,0.89,9,0.0,-1.4860414
52.027368,0.7310017,210711.0,240626,0.89,9,1.2739563,0.8001764
52.0273784,0.730995,210713.0,240626,0.89,9,-1.2739563,0.4572435
52.0274,0.73100492,210716.0,240626,0.89,9,-2.5479126,-0.6817824
52.027416,0.7310067,210717.0,240626,0.89,9,-1.6986084,-0.11839331
52.027444,0.73101,210720.0,240626,0.89,9,-2.9725648,-0.22862142
52.02745,0.731025,210721.0,240626,0.89,9,-0.8493042,-1.0247136
52.027464,0.7310367,210723.0,240626,0.89,9,-1.6986084,-0.8042571
52.02748,0.731045,210725.0,240626,0.89,9,-1.6986084,-0.56747056
52.0275,0.7310583,210729.0,240626,0.89,9,-2.1232604,-0.910402
52.02749,0.73104832,210732.0,240626,0.95,8,1.2739563,0.6817811
52.027472,0.7310433,210744.0,240626,0.89,9,1.6986084,0.34701444
52.02746,0.73103832,210758.0,240626,0.95,8,1.6986084,0.3388495
52.027444,0.73104,210802.0,240626,0.95,8,1.6986084,-0.11431071
52.02743,0.73105668,210807.0,240626,0.95,8,1.2739563,-1.1390248
52.027416,0.731049968,210809.0,240626,0.95,8,1.6986084,0.4572431
52.0274,0.731045,210811.0,240626,0.95,8,1.6986084,0.33884992
52.027384,0.73103832,210813.0,240626,0.95,8,1.6986084,0.45724348
52.027416,0.7310966,210905.0,240626,1.15,7,-3.3972168,-3.99271232
52.0274,0.731095,210927.0,240626,0.89,9,1.6986084,0.11022829
52.027384,0.7310917,210944.0,240626,1.08,8,1.6986084,0.22862174
52.027368,0.73108832,211013.0,240626,1.08,8,2.1232604,0.22862182
52.02735,0.73108168,211016.0,240626,1.08,8,1.6986084,0.45724376
52.027336,0.7310733,211019.0,240626,0.89,9,1.6986084,0.57155496
52.02732,0.731075,211035.0,240626,0.89,9,1.6986084,-0.114311024
52.02731,0.73107,211036.0,240626,0.89,9,1.2739563,0.342933168
52.02732,0.7310783,211057.0,240626,0.89,9,-1.2739563,-0.57155516
52.027336,0.73108992,211111.0,240626,0.89,9,-1.6986084,-0.7960944
52.027336,0.73110492,211115.0,240626,0.89,9,0.0,-1.0287989
52.02732,0.73111,211131.0,240626,0.89,9,1.6986084,-0.342933068
52.027336,0.7310917,211144.0,240626,0.89,9,-1.6986084,1.2533383
52.027344,0.73107668,211150.0,240626,0.89,9,-0.8493042,1.0287987
52.02736,0.73108992,211210.0,240626,0.89,9,-1.6986084,-0.9104049
52.0273784,0.7310867,211214.0,240626,0.89,9,-2.1232604,0.22453922
52.027392,0.7310867,211226.0,240626,0.89,9,-1.6986084,0.0
52.027392,0.73107168,211234.0,240626,0.89,9,0.0,1.0287976
52.027384,0.73105668,211248.0,240626,0.89,9,0.8493042,1.0287979
